xpl	0.7244	0.75	0.75	0.75	0.7	0.7	0.67	0.73	0.75	0.709	0.71	0.713	0.69	0.7	0.7	0.71	0.67	0.6702	0.68	0.6442	0.65	0.6556	0.651	0.651	0.651	0.66	0.67	0.6651	0.67	0.67	0.66	0.65	0.6498	0.6901	0.7327	0.7502	0.79	0.7846	0.7745	0.8173	0.803	0.775	0.775	0.82	0.78	0.78	0.7212	0.72	0.7251	0.72	0.83	0.695	0.68	0.674	0.6799	0.6523	0.736	0.666	0.7071	0.706	0.746	0.79	0.7996	0.78	0.775	0.7855	0.76	0.7668	0.77	0.7	0.765	0.74	0.753	0.7816	0.7651	0.76	0.7597	0.78	0.7386	0.74	0.76	0.72	0.6919	0.69	0.7133	0.68	0.658	0.6917	0.68	0.69	0.7048	0.69	0.7	0.7105	0.7335	0.72	0.71	0.68	0.68	0.6889	0.6996	0.681	0.675	0.695	0.68	0.6918	0.6732	0.6699	0.67	0.6562	0.625	0.62	0.61	0.6234	0.6234	0.6185	0.615	0.5975	0.5781	0.565
xplr	1.95	2.01	1.91	1.87	1.9684	1.86	1.86	1.88	1.87	1.84	1.9	1.8869	1.86	1.94	1.93	1.87	1.96	1.75	1.82	1.75	1.76	1.78	1.88	1.96	1.98	1.95	1.95	2.04	2.03	2.06	2.01	2.04	2.05	2.06	2.08	1.99	2.08	2.1	2.08	2.12	2.05	2.2	2.29	2.22	2.1347	2.2501	2.36	2.34	2.4	2.35	2.2701	2.37	2.33	2.29	2.3	2.18	2.4	2.68	3.05	3.21	3.2	3.422	3.44	3.47	3.5	3.5	3.47	3.43	3.27	3.17	3.34	3.68	3.74	3.67	3.78	3.49	3.43	3.57	3.59	3.7	3.5	3.51	3.54	3.65	3.65	3.41	3.43	3.47	3.49	3.52	3.78	3.97	4.02	3.9	3.7	3.55	3.42	3.51	3.42	3.32	3.29	3.33	3.4092	3.28	3.29	3.2	3.163	3.12	3.15	3.17	3.22	3.22	3.12	2.96	3.08	3.11	3.15	3.25	3.16	3.14
xpo	53.16	53.66	52.87	52.81	52.6	53.84	54.45	57.77	58.9	59.99	59.42	59.21	59.49	61.3	61.11	61.07	61.52	63.02	62.34	62.95	61.41	62.08	61.16	60.84	64.34	64.76	64.63	64.71	64.07	63.38	63.76	62.26	63.02	63.06	62.96	63.84	60.46	61.22	60.51	60.5	60.67	60.75	61.58	61.62	59.29	60.09	60.11	58.87	58.96	58.13	57.69	58.03	57.68	57.39	54.99	55.63	57.39	56.58	55.93	55.32	55.45	55.54	57.76	57.49	56.75	58.46	58.71	59.76	61.42	61.2	61.93	61.92	60.59	60.04	61.27	61.77	62.55	61.05	60.42	60.83	61.34	61.54	63.17	64	64.09	62.77	63.74	64.79	66.26	67.78	67.21	67.3	66.91	66.22	66.99	67.2	67.84	68.27	68.12	67.2	66.74	64.64	64.76	65.75	67.61	67.69	68.44	68.16	69.14	69.59	69.05	69.35	69.7	71.56	73.25	73.83	73.58	73.55	71.06	72.1
xray	62.548	62.887	62.538	62.439	63.335	63.875	64.263	63.715	63.37	63.415	63.266	63.157	62.568	63.097	63.545	63.127	63.515	63.795	63.167	63.585	63.645	63.655	63.875	64.243	65.152	64.433	64.732	64.533	64.982	64.193	64.503	64.143	64.003	64.303	64.792	65.012	64.962	64.902	64.513	62.935	62.825	62.596	62.955	63.075	62.815	62.556	61.937	61.427	61.068	61.258	61.497	62.246	61.318	56.145	55.416	55.247	54.208	53.679	53.399	53.09	52.77	52.711	53.609	53.14	54.538	54.717	55.077	55.616	55.586	56.485	56.575	56.405	56.854	57.743	58.352	59.151	59.36	59.051	58.032	59.251	58.622	57.763	58.562	57.723	58.442	59.071	59.46	59.68	59.23	59.81	56.33	55.65	57.21	58.98	58.51	58.09	57.57	57.32	58.41	58.22	59.19	59.5	59.5	60.67	61.84	61.82	61.09	61	61.37	61.35	61.28	61.07	61.16	61.16	64.8	63.89	64.38	64.52	65.56	65.58
xrf	7.28	7.06	7.07	7.08	7.08	6.88	6.4	6.39	6.18	6.82	7	6.87	6.89	6.93	6.95	6.99	6.79	6.74	6.58	6.59	6.18	6.33	6.16	6.01	5.95	5.82	5.72	5.8	5.76	5.93	5.93	5.93	6	6.07	6.3	7.15	6.94	6.99	6.96	6.95	6.8	6.83	6.79	6.79	6.75	6.66	7	7	6.87	6.86	6.93	6.96	6.99	6.97	6.9	6.86	6.89	6.89	6.89	6.55	6.35	6.07	6.1	6.1	6.18	6.31	6.11	6.38	6.42	6.47	6.82	6.71	6.51	6.48	6.16	6.27	6.19	6.31	6.18	6.13	6.13	6.1	6.1	6.4	7.06	6.75	6.72	6.62	6.64	6.59	6.7049	7.19	7.57	7.42	7.35	7.74	7.86	10.46	9.9	11.32	10.91	11.43	10.5	10.22	9.88	9.06	8.69	7.85	7.82	7.89	8.4	8.08	7.99	7.92	7.79	7.45	7.35	7.39	8.43	9.34
xrm	7.02	7.03	7.1	7.01	7.01	7.01	7	7.03	6.91	6.94	7.04	7.09	7.29	7.38	7.39	7.19	7	7.06	7.04	7.01	7.11	7.54	7.49	7.15	7.38	7.19	7.19	7.42	7.45	7.37	7.3	7.3	7.45	7.4	7.36	7.47	7.46	7.38	7.48	7.5	7.38	7.31	7.42	7.22	7.37	7.37	7.27	7.03	6.45	6.04	5.94	6.01	6	5.95	5.9	6.07	6.2	6.09	6.11	6.15	6.11	6.15	6.05	6.08	6.08	6.03	5.95	5.98	6.03	6.05	6	5.96	6.04	5.98	5.91	5.92	5.9	5.89	5.86	5.99	5.9	5.9	5.76	5.7	5.64	5.6	5.19	5.01	4.63	4.78	4.89	4.94	5.01	5.18	5.26	5	5	4.96	4.81	4.85	4.87	5	4.9	4.75	4.82	4.7	4.58	4.64	4.68	4.65	4.66	4.7	4.49	4.22	4.26	4.24	4.13	4.02	4	4
xrx	27.633	27.515	27.554	27.869	27.83	27.948	27.869	27.475	27.554	27.711	27.554	27.318	27.79	27.593	27.279	27.347	28.046	28.332	27.879	27.435	27.525	27.987	28.725	28.518	29.074	28.906	28.518	28.638	28.241	28.141	28.568	28.667	28.687	28.826	29.025	29.203	29.134	29.084	29.164	29.193	29.233	30.335	30.802	30.265	30.355	30.206	30.444	32.221	32.31	31.864	31.983	32.271	32.072	32.062	31.208	31.427	31.893	32.042	32.171	31.615	31.218	31	31.268	31.606	31.814	32.022	32.072	32.003	32.062	32.032	32.32	31.883	31.913	31.645	31.328	31.824	32.558	32.479	32.568	32.4	32.052	32.201	32.638	32.688	32.886	33.005	33.462	33.7	33.86	33.29	33.46	33.1	32.86	33.03	32.92	32.61	32.71	32.74	32.71	33.01	33.09	32.75	32.84	33.1	33.38	33.28	33.45	33.1	30.65	30.48	30.23	30.31	30.29	29.48	29.06	29.08	28.59	29.37	29.27	29.17
xshd	23.88	23.919	23.757	23.773	23.622	24.029	24.252	24.01	23.896	24.026	24.334	24.559	24.637	24.577	24.499	24.499	24.499	24.587	24.161	24.118	24.133	24.133	24.308	24.207	24.228	23.985	24.056	24.056	24.054	23.719	23.98	23.778	23.508	23.765	23.785	23.903	23.913	23.923	24.206	24.28	24.19	24.18	24.28	24.277	24.26	24.19	24.151	24.151	24.073	24.053	23.976	23.983	23.923	23.626	23.578	23.43	23.746	23.532	23.458	23.287	23.195	23.107	23.26	23.26	23.295	23.294	23.175	23.185	23.265	23.373	23.503	23.235	23.235	23.135	23.215	23.463	23.466	23.466	23.463	23.523	23.792	23.652	23.723	23.664	23.774	23.953	24.203	24.412	24.491	24.621	24.76	24.91	25.059	25.298	25.053	23.883	25.259	25.288	25.308	25.276	25.249	25.129	25.283	25.298	25.288	25.12	25.09	25.09	25.219	25.2401	25	24.985	25.1096	25.2432	24.922	24.922	24.922	24.9497	24.93	24.92
xshq	24.861	24.861	24.861	24.782	24.782	24.782	24.782	24.782	24.782	24.782	24.782	24.782	24.782	24.782	24.782	24.782	24.782	24.782	24.782	24.782	24.899	24.899	24.899	25.051	25.051	25.051	25.051	25.051	25.051	25.051	25.038	25.09	24.94	24.94	24.94	25.27	25.409	25.409	25.409	25.409	25.429	25.375	25.375	25.375	25.375	25.3	25.3	25.3	25.3	25.3	25.3	25.3	25.3	25.3	25.3	25.3	25.3	25.3	25.3	25.3	25.3	25.3	25.3	25.3	25.3	25.3	25.3	25.3	24.013	24.013	24.013	24.013	24.013	24.013	24.052	24.052	24.052	24.052	24.052	24.052	24.0524	24.0524	24.0524	24.0524	24.0524	24.0524	24.0524	24.0524	24.0524	26.15	26.17	26.24	26.374	26.374	26.374	26.1	26.1	26.1	26.17	26.17	26.06	26.06	26.27	26.27	26.2837	26.2	26.2	26.2	26.28	26.38	26.0047	26.0047	26.0047	26.0047	25.918	25.918	25.918	25.918	25.918	25.918
xth	62.844	63.308	63.976	63.737	64.135	64.224	63.093	63.737	66.325	65.838	64.603	65.428	65.312	65.76	67.243	67.65	68.001	68.488	68.467	68.631	69.304	69.195	68.985	69.622	68.915	69.026	68.804	68.492	69.369	68.206	67.783	68.728	68.722	67.783	68.329	68.867	67.905	69.683	70.474	70.352	70.342	70.624	72.289	72.856	73.834	73.853	72.323	71.63	72.08	72.7	73.315	74.601	74.601	74.088	74.209	74.132	72.767	72.196	73.379	73.197	72.73	72.41	73.284	72.561	72.221	71.771	70.708	71.282	73.397	74.157	74.726	75.081	74.768	75.671	76.214	76.104	74.073	74.053	73.787	74.876	73.465	73.439	72.38	72.32	72.46	71.735	72.131	73.878	73.887	73.768	75.515	76.6027	76.5481	76.64	76.57	76.05	76.45	78.01	78.85	79.0999	78.75	79.33	79.4063	79.62	79	79.4099	79.37	79.9	79.35	79.66	78.57	79.8	78.14	77.36	78.03	78.3797	78.3399	78.9534	78.2999	79.385
xtlb	2.48	2.52	2.52	2.64	2.57	2.48	2.4	2.5	2.61	2.54	2.56	2.5605	2.66	2.64	2.594	2.59	2.66	2.65	2.5828	2.54	2.58	2.6	2.56	2.82	2.76	2.68	2.81	2.8	2.83	2.99	2.87	2.94	3.001	3.0645	3.28	3.16	3.39	3.48	3.56	3.38	3.37	3.5	3.39	3.34	3.24	3.25	3.3	3.32	3.4	3.38	3.3	3.3	3.36	3.25	3.25	3.4	3.5	3.31	3.2899	3.09	2.9899	2.63	2.63	2.765	2.8609	2.72	2.71	2.75	2.8399	2.78	2.76	2.82	2.82	2.68	2.6	2.6726	2.6299	2.56	2.54	2.52	2.51	2.51	2.6	2.542	2.53	2.58	2.634	2.66	2.67	2.54	2.59	2.56	2.65	2.4	2.5	2.4644	2.54	2.54	2.63	2.69	2.48	2.64	2.5878	2.5	2.49	2.46	2.37	2.35	2.48	2.42	2.4071	2.16	2.2899	2.26	2.3499	2.2	2.21	2.4	2.22	2.44
xtnt	0.42	0.4293	0.435	0.52375	0.69	0.62	0.6	0.588	0.5881	0.6301	0.67	0.6392	0.6453	0.62	0.6054	0.58	0.5909	0.5755	0.585	0.63	0.6302	0.6879	0.6755	0.68	0.6989	0.67	0.6601	0.62	0.64	0.64	0.62	0.81	0.74	0.69	0.76	0.7602	0.77	0.7401	0.77	0.79	0.7999	0.7669	0.79	0.7792	0.7463	0.72	0.7051	0.7114	0.71	0.76	0.7895	0.89	0.88	1	0.75	0.71	0.71	0.6596	0.6444	0.6501	0.6549	0.69	0.6691	0.6893	0.69	0.705	0.705	0.71	0.68	0.7475	0.76	0.7991	0.7699	0.7691	0.769	0.78	0.84	0.816	0.79	0.78	0.8001	0.7899	0.7558	0.76	0.78	0.782	0.731	0.7413	0.7482	0.721	0.8101	0.748	0.7218	0.7401	0.74	0.7197	0.71	0.6974	0.69	0.67	0.675	0.6869	0.676	0.6653	0.6706	0.6799	0.675	0.6399	0.6301	0.6402	0.6886	0.6898	0.7064	0.735	0.7199	0.7291	0.7098	0.6869	0.69	0.71
xusa	25.64	25.84	25.91	25.77	25.77	26.095	26.11	25.945	25.945	25.7548	25.7201	25.96	26.04	26.21	26.21	25.8101	25.87	26.09	26.09	25.84	25.74	25.74	26.19	26.19	26.254	26.0795	26.0795	26.0795	26.14	25.95	25.95	25.95	25.95	26.13	26.13	26.31	26.3908	26.3908	26.56	26.56	26.37	26.8	26.522	26.522	26.44	26.44	26.26	26.26	26.01	25.93	25.886	25.886	25.886	25.69	25.4381	25.4381	25.6441	25.478	25.478	25.2039	25.2039	25.2039	25.29	25.28	25.36	25.49	25.49	25.39	25.49	25.73	25.73	25.41	25.52	25.52	25.22	25.491	25.88	25.88	25.88	25.88	25.88	25.88	26.2299	26.2299	26.2299	26.0904	26.22	26.53	26.53	26.6282	26.6282	26.6282	26.6282	26.6602	26.6602	26.6602	26.6602	26.834	26.9798	26.9798	26.9493	26.9493	26.98	26.98	26.98	26.98	26.98	26.856	26.856	26.83	26.83	27.004	27.004	26.92	26.85	26.85	26.85	26.9826	26.855	26.855
xweb	58.654	57.672	57.446	57.406	56.42	55.708	55.786	55.786	57.917	58.429	58.732	57.715	55.943	56.247	57.18	58.465	59.19	58.85	59.115	58.605	58.61	57.6838	57.71	59.69	61.4588	61.29	61.01	60.3299	60.6488	60.5737	60.05	60.5499	60.5405	60.53	61.07	60.8716	60.548	60	60.36	59.97	59.57	59.3825	59.39	59.81	60.5311	60.5311	59.28	59.03	59.7299	60.07	60.332	60.95	64.2434	65.4265	65.819	65.1	65.0599	66.0893	66.065	67.28	66.8086	67.5	65.64	66.23	65.2199	66.9536	68	67.6515	67.3917	66.7	67.07	66.8588	68.6199	69.095	69.607	70.61	70.2845	69.3007	70.64	69.2488	69.301	68.51	69.34	69.8428	70.2598	69.6378	68.6122	69.7899	68.2718	68.88	68.94	70.874	70.89	72.03	71.72	72.085	72.2	72.1265	70.89	72.2543	73.0344	74.15	74.4975	74.815	74.488	74.35	74.82	74.1	74.4497	73.1898	74.1599	74.22	74.52	74.13	73.8351	73.31	73.7716	72.36	71.4315	71.81
xxii	1.39	1.38	1.39	1.37	1.37	1.37	1.4	1.46	1.64	1.84	1.84	1.89	1.82	1.8	1.71	1.81	1.83	1.8	1.78	1.81	1.85	1.88	1.83	1.79	1.75	1.71	1.75	1.72	1.71	1.68	1.61	1.59	1.61	1.69	1.64	1.64	1.63	1.61	1.62	1.63	1.6	1.47	1.37	1.41	1.45	1.75	1.75	1.9	1.93	1.98	2.47	2.47	2.39	2.24	2.2	2.3	2.14	2.18	2.13	2.12	2.15	2.03	2.04	2.24	2.27	2.23	2.24	2.19	2.28	2.2	2.29	2.17	2.22	2.27	2.5	2.55	2.68	3.01	3.02	3.21	3.17	2.97	3.01	2.88	2.62	2.49	2.74	2.71	2.72	2.77	2.72	2.82	3.05	3.07	3.41	2.99	3.04	2.94	2.86	2.8	2.86	2.78	2.67	2.68	2.66	2.78	2.62	2.47	2.54	2.28	2.17	2.12	2.16	2.08	1.99	2.19	2.07	2.06	2.08	2.06
xyl	52.313	51.836	51.12	51.498	51.846	52.145	52.701	52.899	52.393	53.159	53.277	53.665	53.715	53.487	53.357	53.655	53.745	53.865	53.576	53.238	53.547	54.023	54.371	54.193	54.66	54.59	55.117	55.137	54.63	54.073	54.64	54.302	54.033	55.008	55.525	55.784	56.4	56.102	56.748	56.608	57.295	57.394	56.888	56.57	56.55	56.608	56.41	58.965	59.582	59.224	59.681	59.701	59.503	59.373	58.647	58.787	59.542	59.523	59.592	58.618	58.697	58.975	59.622	59.651	59.761	60.139	60.815	60.945	61.383	61.902	61.802	61.733	61.852	62.311	62.61	62.8	62.76	62.84	62.84	63.129	63.488	63.657	63.867	63.757	64.575	64.286	63.169	62.83	62.281	62.461	63.149	63.757	64.345	64.296	64.385	64.475	64.455	64.136	64.704	64.535	65.782	63.059	63.508	63.717	64.056	63.508	64.655	64.355	64.635	64.685	64.465	66.35	66.15	67.06	66.57	66.54	66.61	66.55	66.28	66.25
y	579.52	588.15	588.44	586.6	587.34	597.87	597.47	590.49	583.25	585.26	588.56	591.43	600.24	596.34	599.04	597.66	607.66	598.22	593.87	587.19	582.29	584.39	584.43	587.6	595.15	597.05	594.8	601.48	596.35	588.6	595.55	595.05	596.5	599.99	600.62	599.73	607.25	606.99	608	611.97	614.54	615.55	626.98	614.65	605.98	614	613.34	623.13	620.83	617.27	607.15	600.41	597.69	597.86	593.15	593.61	592.44	585.99	590.43	579.42	578.98	574.82	578.73	575.05	571.33	570.23	563.49	559.89	560.12	562.77	563.18	543.61	544.06	523.19	540.73	561.73	566.78	569.61	567.11	567.11	568.32	564.51	565.48	564.24	564.48	562	556.15	549.49	549.27	554.01	557.23	556.74	555.89	551.75	548.25	538.1	543.74	545.48	546	547.72	551.61	556.27	560.43	560.92	564.65	565.04	563.32	565.67	571.44	567.27	564.96	566.22	564.57	567	583.68	580.51	582.76	580.41	585.54	579.61
yelp	27.78	28.07	27.65	27.73	27.92	28.83	28.79	30.09	29.6	30.21	30.43	29.8	30.72	30.72	30.55	30.63	30.15	30.28	29.44	29.36	29.96	30.88	30.03	29.4	30.15	29.89	30.02	30.07	30.29	29.33	29.55	30.16	31.11	32.01	31.49	31.89	31.79	32.93	32.88	32.4	32.11	31.73	32	32.45	32.76	33.02	32.53	33.22	32.25	31.37	40.05	41.73	41.69	41.55	40.93	42.03	42.53	41.56	41.98	41.43	41.81	41.46	41.87	42.12	41.75	42.14	42.14	42.32	42.9	42.6	42.98	43.04	43.04	43.74	43.75	43.7	43.85	42.95	42.91	43.57	43.5	43.85	44.17	43.61	43.42	41.9	41.72	42.7	42.66	43.3	44.09	45.8	46.07	46.39	46.73	45.63	44.4	43.98	43.75	43.65	43.52	43.2	44.58	44.44	44.52	43.6	43.68	44.02	45	45.4	47.15	46.72	46.03	45.98	46.07	45.65	44.69	45.11	45.55	45.98
yerr	13	13.1	12.21	12.37	11.82	12.11	12.8	12.15	12.59	13.53	14.61	15.89	13.74	14.59	13.77	13.1	14.59	14.21	13.35	13.44	13.94	13.9974	14.24	14.16	14.2152	13.95	13.4544	13.35	12.72	12.69	12.99	12.5901	12.6	12.9	12.75	12.7	12.9599	12.95	12.9116	12.2	12.59	12.67	12.79	12	12.07	12	12.0999	11.66	9.99	10.4968	10.99	10.35	10.78	10.15	9.95	9.989	9.54	9.24	9.05	9.79	10.73	10.94	10.47	10.18	10.35	10.39	10.1	9.98	10.33	10.2	10.17	11.18	12.98	15.8	17.01	17.89	18.5	19	22.94	16.34	15.29	15.09	17	18.01	17.34	16.85	16.58	15.92	16.35	16.36	16.26	16.9	17.1	17.1	15.99	15.91	15.41	15.37	15.59	15.71	15.33	13.4	13.25	14.04	14.5	14.92	15.115	15.03	13.92	13.3	14.5639	15.8	16.06	16.62	15.8	16.26	15.74	15.85	15.92	16.01
yesr	26.532	26.532	26.532	26.71	26.71	26.875	26.875	27.114	27.114	27.114	27.114	26.923	26.835	26.835	27.039	27.039	27.245	27.334	27.334	27.334	27.255	27.255	27.255	27.255	27.255	27.255	27.255	27.221	27.747	26.827	26.767	26.767	26.767	27.163	27.083	27.083	27.083	27.237	27.31	27.301	27.579	27.579	27.281	27.281	27.281	27.281	27.281	27.281	27.281	27.281	27.281	27.281	27.281	27.281	27.281	27.281	27.281	27.419	27.477	26.935	26.92	26.92	26.92	26.92	26.92	26.92	26.92	26.92	27.113	27.193	27.261	27.217	26.995	27.033	27.093	27.093	27.053	27.063	27.053	27.073	27.073	27.073	27.005	26.925	27.015	27.015	27.015	27.015	27.014	27.014	27.429	27.429	28.136	28.136	28.136	28.136	28.136	27.761	27.748	27.544	27.544	27.758	27.758	27.609	27.609	27.788	27.788	27.788	27.628	27.648	27.6483	27.64	27.68	27.589	27.328	27.26	27.33	27.33	27.33	26.88
yext	13.21	13.15	13.75	14.07	14.74	14.79	13.03	12.6	12.92	12.64	12.58	12.21	12.31	12.57	12.97	13.01	13.37	13.51	13.12	13.08	13.24	13.23	13.2	13.01	13.24	13.09	13.33	13.02	13.2	13	13.18	12.99	13.05	13.32	13.53	13.78	13.85	14.12	14.46	13.88	13.71	13.8	13.63	13.61	13.11	13.12	13	12.82	12.79	12.78	12.79	13.86	13.67	13.59	13.33	13.51	13.99	13.1	13.31	13.05	13.08	12.73	12.81	12.79	12.85	12.76	12.83	13.21	13.21	13.01	13.25	13.38	13.98	12.89	12.29	12.84	13.35	14.47	13.8	13.4	13.26	12.99	12.82	12.96	12.9	13.03	12.95	13.26	13.2	13.28	13.45	13.68	13.84	13.55	13.15	12.4	12.07	12.13	12.25	12.45	12.43	12.13	12.08	12.06	11.89	11.73	11.96	11.71	11.65	11.78	11.4	11.48	11.65	11.85	12.01	12	12.01	12.36	12.31	12.44
yge	2.17	2.22	2.21	2.17	2.1	2.12	2.05	1.9	1.85	1.85	1.88	1.88	1.89	2.05	2.06	2.1	1.99	2.05	2.05	2.07	2.18	2.21	2.23	2.27	2.3	2.28	2.27	2.25	2.25	2.25	2.35	2.31	2.42	2.33	2.37	2.38	2.43	2.4	2.48	2.48	2.44	2.28	2.35	2.35	2.33	2.34	2.39	2.39	2.36	2.34	2.39	2.33	2.28	2.2	2.31	2.28	2.35	2.26	2.44	2.48	2.5	2.5	2.55	2.52	2.52	2.53	2.67	2.71	2.63	2.45	2.37	2.29	2.29	2.37	2.32	2.25	2.31	2.28	2.34	2.42	2.62	2.45	2.47	2.41	2.43	2.3	2.29	2.24	2.25	2.2701	2.31	2.27	2.34	2.33	2.37	2.32	2.4	2.33	2.31	2.32	2.34	2.32	2.3	2.26	2.24	2.32	2.33	2.24	2.26	2.27	2.26	2.25	2.22	2.21	2.25	2.18	2.19	2.1786	2.2201	2.25
yin	11.42	10.05	10.51	10.28	10.04	10.14	10.15	10.38	10.45	10.65	10.41	10.38	10.14	10.04	10.08	9.99	10.38	10.61	10.47	10.44	10.07	9.92	9.92	10.09	9.66	9.81	10	10.35	10.05	10.18	10.14	10.23	10.38	10.25	10.32	10.31	10.25	10.09	9.99	10.06	9.99	9.87	10	9.629	9.83	9.75	9.8	9.98	9.71	9.88	9.84	9.89	9.9	9.99	9.84	9.91	10.06	10.07	9.99	9.91	10.05	10.02	10.04	10.09	10.02	9.89	9.68	9.67	9.93	9.94	9.87	9.88	9.62	9.88	9.88	9.83	9.91	9.85	9.86	9.8	9.91	9.84	9.82	9.82	9.92	9.94	9.97	10.31	10.42	11.05	11.53	11.17	11.46	11.33	11.23	11.58	11.96	12	12.28	12.69	13.5	14.71	14.31	13.55	14.5	13.01	12.87	12.97	13.13	12.97	12.46	12.21	12.39	12.71	12.95	12.75	12.92	12.88	12.93	11.43
yld	40.044	39.923	39.947	39.986	39.909	39.878	39.964	40.146	40.268	40.293	40.211	40.195	40.225	40.229	40.155	40.017	40.121	40.078	40.165	40.213	40.259	40.326	40.414	40.409	40.41	40.4	40.363	40.703	40.812	40.448	40.742	40.708	40.881	40.9	40.978	40.81	40.787	40.81	40.988	40.812	40.734	40.831	40.527	40.871	40.941	40.891	41.115	41.041	40.926	40.898	40.966	40.956	41.134	41.193	41.37	41.37	41.36	41.151	41.301	41.159	41.39	41.38	41.199	41.406	41.489	41.46	41.47	41.263	41.063	41.074	41.064	40.757	40.888	40.868	40.841	40.916	41.045	41.194	41.238	41.211	41.336	41.233	41.488	41.491	41.472	41.204	41.481	41.42	41.54	41.482	41.292	41.363	41.372	41.362	41.572	41.645	41.645	41.801	41.799	41.795	41.788	41.931	41.938	41.939	41.929	41.911	41.809	41.809	41.726	41.739	41.705	41.62	41.59	41.77	41.85	41.8083	41.8899	41.925	41.6204	41.45
yndx	28.47	27.82	27.66	27.19	26.48	27.09	26.32	27.17	26.87	26.74	26.75	26.25	25.94	26.28	25.74	25.77	25.57	26.6	26.25	26.78	26.93	27.55	27.17	26.88	27.62	26.63	26.23	26.13	25.97	26.04	26.25	26.51	26.5	27.33	31.68	31.62	31.35	31.55	31.1	31.36	31.41	31.84	31.74	31.84	30.76	29.53	28.98	28.98	28.36	29.16	29.61	29.96	29.84	30.71	29.28	29.05	29.73	30.25	30.95	30.34	29.81	29.72	30.08	29.94	29.88	29.75	29.47	29.49	29.85	30.01	32.21	32.35	32.1	33.01	31.86	33.11	33.09	32.44	32.2	32.64	32.32	32.24	32.03	32.63	33.2	32.49	31.71	32.36	32.37	32.95	32.96	34.18	33.43	33.76	32.51	32.47	31.71	31.83	32.34	32.44	31.89	31.75	32.32	31.64	31.16	30.77	32.82	32.01	32.68	32.38	33.1	33.83	34.03	33.44	33.01	33.55	32.57	32.72	31.91	30.99
yorw	32.65	32.848	32.8	32.452	32.8	33.344	33.84	33.294	33.196	33.542	34.336	35.426	35.228	38.596	38.745	39.29	38.943	37.01	36.714	35.92	35.574	37.01	36.416	35.178	34.69	35.088	34.69	35.088	34.292	33.993	34.69	34.143	34.242	34.441	34.292	34.391	34.69	34.989	34.939	35.586	36.283	34.989	35.437	35.287	34.541	34.64	34.64	34.889	33.844	34.441	34.64	34.093	33.844	33.545	33.396	32.6	33.645	32.948	32.699	32.201	32.401	32.749	32.749	32.45	32.898	32.998	32.749	32.948	32.749	32.749	32.749	32.55	32.649	32.848	33.396	33.147	32.55	32.301	32.5	32.6	33.595	33.346	33.645	33.097	33.595	33.894	34.541	34.69	35.25	33.9	35.05	35.05	35.3	35.5	35.6	35	35.7	36.35	36.25	35.95	36.8	36.1	36.35	36.7	36.2	35.95	35.05	34.95	35.25	36.1	35.1	35.2	33.4	35.6	34.8	34.7	34.2	34.7	34.5	34
ypf	24.278	24.129	24.827	24.847	24.577	25.106	24.717	24.259	24.607	24.229	23.82	23.72	23.491	23.581	22.833	21.827	21.558	21.657	22.126	21.019	22.046	22.315	21.926	21.837	21.777	21.538	21.827	22.44	22.22	22.05	21.9	21.68	22.16	22.39	21.73	22.02	21.4	21.12	21.1	21.17	19.99	20.15	20.46	20.07	20.08	20.85	20.2	19.98	20.65	20.08	19.66	19.41	18.85	18.8	19.56	20.11	20.87	20.63	20.3	20.05	20.16	19.86	20.22	20.39	20.45	20.94	20.69	20.32	20.26	20.06	20.06	20.15	20.4	20.17	20.04	20.52	20.23	20.37	20.64	20.28	20.18	20.14	20.15	20.08	20.5	20.24	21.02	21.96	21.97	22.28	22.96	22.77	22.65	22.85	22.25	22.23	22.68	22.79	22.5	22.8	22.76	22.8	22.82	22.93	22.96	24.21	24.03	24.73	24.47	24.52	24.47	24.56	24.5	24.66	24.61	25.16	24.72	24.81	24.11	23.32
yrcw	9.38	9.44	9.27	9.29	9.19	9.51	9.74	9.67	9.68	10.32	10.41	10.5	10.39	10.7	10.34	10.36	10.35	10.41	10.14	9.93	10.01	10.18	10.31	10.23	10.8	11.12	11.12	11.57	11.4	11.13	11.55	12.1	11.89	12.18	12.18	12.35	12.29	12.13	12.35	12.27	12.39	12.59	13.12	13.02	12.81	13.25	13.29	12.89	12.45	12.38	12.78	12.66	12.55	12.49	12.08	12.27	12.57	12.13	12.04	11.78	11.8	11.75	12.08	11.96	11.56	11.86	12.56	13	13.37	13.39	13.63	13.45	13.41	13.38	13.46	13.34	13.41	13.03	12.62	12.35	12.37	12.63	13.24	13.33	13.3	13.09	13.18	13.61	13.42	13.8	14.18	14.38	14.01	13.76	13.89	13.27	13.34	13.17	13.17	12.69	12.24	12.1	12.47	13.1	13.37	12.97	13.12	12.83	13.5	13.64	13.28	13.47	13.14	13.57	12.94	13.45	13.53	13.08	12.1	12.22
yrd	23.322	23.293	23.041	23.099	22.413	23.041	22.664	23.351	23.573	23.969	24.027	23.138	23.36	23.679	23.534	23.128	22.819	23.206	23.225	23.38	23.119	23.737	24.356	24.733	24.608	24.008	24.172	24.375	25.033	24.704	25.217	25.352	27.769	28.736	27.624	29.867	30.921	33.716	33.609	32.671	32.082	33.716	34.422	34.315	34.286	33.957	36.994	32.478	29.558	31.086	31.956	36.036	35.814	35.572	34.499	37.361	39.749	39.082	39.459	38.144	38.686	38.744	37.554	38.067	36.732	37.081	36.027	37.825	38.473	38.676	40.078	38.076	39.246	40.407	39.769	41.248	43.114	42.611	43.066	43.24	43.887	44.323	43.423	42.263	43.269	41.054	41.112	43.23	43.14	41.94	42.38	45.53	44.46	44.74	45.6	47.22	46.92	48.8	50.62	49.8	51.3	51.81	52.27	50.74	50.53	50.13	50.78	47.1	45.52	43.76	42.07	43.39	42.52	42.55	41.81	42.64	41.63	41.27	42.49	42.71
yten	4.22	4.2	3.95	6.3312	5.06	5.1336	4.86	4.67	4.55	4.7	5.6	5.77	5.97	5.95	5.61	5.5	5.05	5.29	4.85	5.0186	5.0257	4.85	4.761	4.95	5.05	5.14	5.15	4.29	3.85	3.51	3.56	3.58	3.38	2.95	3.09	3.13	3.21	3.07	2.75	2.87	2.77	2.71	2.78	2.71	2.6472	2.62	3	3.09	2.6	2.95	2.95	2.86	3.02	2.77	2.43	2.2462	2.38	2.35	2.42	2.35	2.28	2.33	2.4764	2.56	2.5	2.28	2.55	2.47	2.6	2.69	2.75	2.93	2.7559	2.92	2.92	3.08	3.04	2.96	2.91	3.13	3.4	3.64	3.4501	3.27	3.46	3.33	3.22	3.23	3.222	3.19	3.14	3	2.92	3.29	3.23	3.1385	3.56	3.5589	3.52	3.5	3.69	3.39	3.51	3.59	3.42	3.45	3.19	3.1728	3	2.98	2.83	2.82	2.87	2.8	2.51	2.64	2.8	2.89	2.45	2.3764
ytra	9.21	9.14	9.09	9.19	9.16	9.15	9.28	9.33	9.4	9.92	10.41	10.79	10.43	10.55	10.32	10.66	10.78	10.6	10.6	10.77	10.51	10.27	10.42	10.5	10.84	10.85	11.245	11.42	11.36	11.28	11.46	12.12	12.27	12.23	11.93	11.99	11.67	11.38	11.37	11.35	11.03	11.49	11.48	11.5	10.84	10.97	10.98	10.79	10.64	10.39	10.3	10.66	10.79	10.22	9.71	9.5	9.74	9.98	9.97	9.86	9.86	9.51	9.73	9.59	9.71	9.8	10.06	10.13	10.15	10.27	10.38	10.34	10.55	10.75	10.77	10.99	10.99	11	11.28	11.4	11.75	11.98	11.82	11.64	11.45	11.28	11.28	10.94	10.93	10.83	11.25	11.37	11.29	11.1	11.13	10.77	10.58	10.4	10.35	10.21	10.05	10	9.841	9.31	9.55	9.32	9.23	8.6	8.48	8.57	8.58	8.8	8.55	8.2	8.19	8.36	8.17	7.95	8.12	8.1
yum	71.658	71.837	71.798	72.116	72.345	73.531	73.69	73.899	74.019	73.959	73.67	72.804	71.618	72.375	72.744	72.316	72.485	73.63	73.61	74.098	74.238	74.517	74.437	73.67	73.849	73.152	73.461	73.053	72.784	72.355	73.192	73.242	73.67	74.1	73.42	73.6	73.57	73.76	74.15	74.62	74.74	74.59	74.8	74.59	75.61	75	75.48	75.53	76.62	74.86	75.03	74.99	74.2	75.07	75.36	75.56	76.28	76.39	76.42	75.54	75.41	75.85	76.55	76.41	76.26	75.83	76.21	76.09	76.02	76.82	76.63	76.32	76.21	76.47	76.48	77.8	77.17	77.13	77.16	75.25	75.71	75.76	76.37	76.48	75.97	73.95	73.4	73.1	73.5	73.61	73.75	73.92	74.1	74.58	75.93	76	76.18	76.64	76.41	76.2	76.21	76.19	76.02	75.82	76.17	75.55	75.34	74.67	75.87	75.24	74.96	74.45	74.31	79.15	78.91	79.87	81.01	81.13	79.53	79.59
yuma	1.88	1.85	1.75	1.8	1.77	1.71	1.66	1.55	1.5	1.45	1.47	1.55	1.46	1.48	1.4	1.38	1.25	1.2699	1.13	1.11	1.04	1.03	1.05	1.02	0.95	0.91	0.95	0.935	0.9399	0.85	0.77	2.23	1.74	1.7572	2.48	2.15	2.32	2.11	2.25	2.18	2.15	2	2.105	2.09	2.01	2.1	1.87	1.68	1.8	1.6486	1.49	1.38	1.34	1.33	1.5	1.59	1.49	1.44	1.39	1.4	1.37	1.36	1.25	1.25	1.22	1.35	1.23	1.18	1.1801	1.16	1.2	1.32	1.38	1.3101	1.22	1.22	1.4	1.44	1.3	1.21	1.34	1.34	1.29	1.25	1.34	1.35	1.27	1.24	1.14	0.9515	0.95	0.94	0.9249	0.8925	0.94	0.92	0.91	0.8981	0.86	0.85	0.93	0.9137	0.9598	0.9595	0.955	0.93	0.92	0.95	0.9305	0.945	0.93	0.9416	0.945	1.08	1.0577	1.19	1.07	1.08	1.05	1.03
yumc	37.49	37.78	37.76	37.85	38.41	40	39.94	40.45	40.75	41.7	40.75	39.79	39.38	39.73	39.7	39.68	39.88	40.51	40.13	40.58	40.37	39.99	40.44	39.44	39.44	38.81	39.43	40.27	40.13	34.95	37.32	37.32	37.33	37.55	37.04	37.07	37.07	37.05	37.05	37.48	37.16	37.18	36.8	36.51	36.21	35.89	35.79	36.49	36.83	36.81	37.13	37.18	37.13	37.27	37.33	37.8	37.12	37.23	37.85	37.24	37.05	37.38	37.1	36.7	36.27	35.75	35.65	35.18	35.14	35.36	35.8	36.66	35.93	35.8	35.63	36.05	36.18	36.79	36.96	37.38	38.86	39.69	40.19	39.84	39.71	39.11	39.69	39.78	39.9	39.97	40.39	40.31	39.89	39.97	40.82	42.99	42.51	42.39	42.94	42.94	42.66	42.68	42.46	41.9	42.15	42.23	40.94	40.12	40.61	40.11	40.43	40.35	39.89	40.17	41.81	41.16	41.2	41.05	41.06	41.73
yume	3.656	3.6642	3.7866	3.9416	3.8764	3.9661	3.9172	3.9498	3.9498	4.0314	4.0396	4.0232	3.9906	3.8518	3.9008	3.8193	3.8927	3.7866	3.8111	3.8111	4.0232	4.3579	4.5537	4.5292	4.7087	4.5895	4.669	4.5299	4.5299	4.52	4.5995	4.7187	4.8379	4.6392	4.7286	4.7286	4.5597	4.5299	4.5697	4.4902	4.3412	4.371	4.4803	4.4207	4.3114	4.3511	4.3114	4.2418	4.1624	4.1524	4.2716	4.2021	4.1723	4.4207	4.3809	4.3213	4.5498	4.6293	4.7783	4.7485	4.7684	4.8876	5.0266	5.116	5.2651	5.275	5.3445	5.8114	5.8611	4.8578	5.126	4.8776	4.5001	4.4604	4.6889	4.669	4.6293	4.669	4.6789	4.6392	4.6889	4.6988	4.7187	4.6988	4.7286	4.6889	4.5597	4.52	4.62	4.63	4.52	4.55	4.59	4.5	4.5	4.34	4.32	4.47	4.44	4.47	4.43	4.46	4.34	4.18	4.23	4.23	4.2	4.21	4.12	4.06	3.94	4.2	4.19	3.97	3.86	3.93	3.86	3.85	3.83	3.81
yy	56.82	55.8	57.48	58.25	58.34	59.71	59.23	59.06	58.9	60	59.55	58.85	57.76	58.15	57.52	55.13	54.91	57.09	58.09	58.98	58.32	58.8	58.52	56.74	58.45	57.36	58.069	58.7	56.89	56.48	56.82	57.98	57.62	59.98	58.48	63.79	65.87	67.12	66.61	67.56	67.59	70.69	73.02	71.15	70.64	71.64	71.51	71.74	71.2	74.095	73.49	76.58	76.27	77.97	77.86	78.92	80.58	73.1	72	71.45	73.69	76.23	74.14	74.24	75.24	72.29	71	69.52	71.09	74.72	74.35	73.98	74.69	78.81	78.01	78.39	78.81	78.45	78.87	77.11	76.71	76.94	76.89	76.07	80.52	77.47	84.42	85.08	85.85	86.8	90.13	90.32	88.77	88.95	88.74	89.52	89.27	90.18	91.08	93.22	97.32	94.42	94.94	92.77	93.12	95.71	94.05	89.98	87.15	85.34	87.37	90.39	89.24	88.09	90.51	92.35	91.36	89.4	90.65	88.92
z	43.54	43.23	43.34	43.49	43.52	44.7	45.06	44.73	45.21	45.54	45.5	44.44	44.44	45.24	45.76	45.57	45.65	46.76	47.55	48.48	49.26	51.04	50.32	48.18	48.72	48.02	49.01	48.88	48.72	47.29	46.5	46.15	46.15	44.32	44.92	46.52	47.1	46.52	45.63	44.55	44.43	44.73	45.56	45.44	44.92	45.24	45.16	45.47	45.46	45.42	45.24	47.5	47.93	43.59	40.5	40.97	41.58	40.85	40.51	38.99	38.66	38.62	38.2	38.32	38.49	37.92	38.21	39.44	39.4	39.62	39.67	39.04	38.8	38.84	37.8	39.11	40.61	39.05	40	40.34	40.77	40.02	40.28	39.92	39.1	39.11	39.02	39.18	39.62	40.21	40.6	40.96	41.91	41.69	42.12	42.13	41.87	41.41	41.71	41.55	41.14	41.62	41.02	41.19	41.25	40.93	41.1	40.6	41.43	41.14	40.88	41.28	40.3	39.51	40.48	40.8	39.97	41.04	40.38	39.54
zagg	8.1	8.15	8.2	8.3	8.35	8.6	8.5	8.35	8.45	8.5	8.7	9	8.7	8.55	8.6	8.6	8.35	8.5	8.2	8.45	8.55	8.85	8.75	8.675	8.85	8.8	8.65	8.85	8.65	8.6	8.5	8.45	8.4	8.5	8.45	8.55	8.55	8.425	8.45	8.65	8.45	8.6	8.725	8.75	8.55	8.55	8.45	8.65	8.85	9.25	9.4	10.2	9.575	9.75	9.6	10.3	10.95	11.15	11	10.65	10.45	10.75	11.15	11.1	11.1	11.2	11.8	12.3	12.45	12.6	12.6	12.45	12.5	12.45	12.25	11.65	12.15	12.85	13.9	14.65	14.7	15.35	14.5	14.2	14.3	14.25	14.35	15.35	15.65	15.75	15.75	15.9	16.35	16.45	16.2	16.4	16.025	15.85	16	15.7	15.95	15.85	16.35	16.3	17.15	17.4	17.45	14.5	15.725	16.3	16.8	15.65	15.7	18.85	18.4	18.85	19.075	19.2	18.75	19.25
zais	2.17	2.18	2.19	2.2	2.26	2.24	2.3	2.3	2.28	2.28	2.3	2.27	2.19	2.18	2.18	2.14	2.13	2.15	2.09	2.15	2.15	2.22	2.27	2.29	2.3	2.29	2.33	2.28	2.29	2.17	2.12	2.12	2.24	2.3	2.2	2.19	2.19	2.28	2.24	2.2158	2.3	2.16	2.1	2.2	2.14	2.14	2.12	2.13	2.15	2.11	2.11	2.2	2.2	2.29	2.21	2.2233	2.16	2.2	2.19	2.11	2.14	2.08	2.11	2.04	2.02	1.92	1.89	1.8782	1.9	1.85	1.88	1.72	3.2011	3.25	3.43	3.6	3.52	3.67	3.7	3.66	3.72	3.74	3.74	3.73	3.73	3.84	3.71	3.74	3.7	3.65	3.6227	3.61	3.64	3.7	3.7	3.67	3.69	3.7	3.71	3.71	3.6	3.75	3.71	3.76	3.76	3.7	3.74	3.7	3.73	3.71	3.7475	3.77	3.77	3.76	3.75	3.74	3.7	3.72	3.74	3.74
zayo	31.51	32.07	31.77	32.02	32.16	32.21	32.13	32.28	32.15	31.86	32.04	32.23	32.2	32.44	32.68	32.13	32.28	32.26	31.86	31.81	31.27	31.54	31.48	31.51	31.45	30.9	30.9	30.93	30.76	30.06	30.32	30.05	29.93	29.92	30	30.35	30.87	30.8	31.79	32.08	32.8	32.24	32.5	32.4	32.31	32.33	32.79	32.61	32.58	32.42	32.7	32.74	33.3	34.33	34.17	33.82	34.04	33.81	33.8	33.36	33.05	32.97	33.73	34.08	34.29	34.31	34.22	33.99	34.16	34.17	34.24	34.44	34.3	34.21	34.13	34.59	34.69	34.94	35	35.27	35.47	35.55	34.97	34.5	34.19	34.51	34.47	34.23	34.12	34.42	33.98	34.81	34.98	34.83	34.54	34.23	34.3	34.65	35.33	34.8	34.51	35.17	35.47	36.06	36.52	36.12	35.8	36.08	35.75	35.7	35.83	36.06	35.58	35.62	34.4	34.36	34.46	34.38	34.02	34.02
zbh	118.63	118.82	118.76	117.97	118.74	122.19	123.45	123.44	123.68	123.86	124.67	124.51	124.5	124.97	125.1	125.34	125.42	126.59	126.72	128.25	129.12	128.82	128.79	127.99	128.24	127.63	128.13	128.11	127.51	125.37	126.85	127.14	126.23	126.1	128.71	132.22	132.34	130.91	130.8	129.2	129.34	128.52	128.5	128.43	125.18	123.52	121.07	120.07	117.45	116.92	117.69	116.95	114.8	112.63	109.9	111.47	112.28	112.74	112.85	112.19	111.15	112.54	113.72	112.05	112.62	112.96	112.66	112.59	112.78	114.03	114.09	114	115.39	115.43	115.46	115.56	116.19	115.65	115.75	115.23	116.06	115.24	115.98	113.06	114.4	114.37	114.75	116.25	115.66	117.09	117.7	116.15	117.53	119.16	119.27	117.52	118.41	118.64	120.63	119.7	119.51	119.93	120.69	121.88	122.35	121.7	121.21	121.46	121	124.46	121.35	121.62	115.09	112.32	109.25	109.34	108.72	109.17	111.84	110.75
zbio	16.81	16.91	17.307	18.03	17.88	16.78	15.95	16.22	16.4599	16.37	16.09	16.25	16.38	16.14	15.88	16.3181	16.45	15.21	14.63	12.98	12.34	12.24	12.41	13.41	12.63	13.14	13.42	13.22	12.75	13.37	13.11	13.36	13.15	12.85	12.6	12.5624	12.7094	12.73	12.239	11.82	11.67	11.35	11.72	11.49	12.16	11.85	12.24	12.61	12.422	12.71	12.59	12.3979	12.72	12.85	13.965	13.65	13.24	13.22	13.18	13.87	13.96	13.87	13.09	13.15	12.78	13.02	12.27	12.15	11.4388	10.49	10.24	10.45	10.41	10.27	10.39	10.36	10.27	10.29	10.56	10.57	10.6	10.751	10.61	10.5852	10.75	10.64	10.9301	10.7198	10.69	10.4	9.9509	10	9.7799	9.72	9.78	9.8606	9.82	9.9	10.07	10.0897	10.0899	9.96	10.16	10.25	10.5	10.92	11.19	11.52	12.33	12.09	12.0809	12.33	12.56	12.6276	12	12.14	12.33	12.43	12.69	12.54
zbk	28.821	29.042	29.068	28.999	29.042	28.92	29.217	29.164	29.329	29.088	29.068	29.371	29.166	29.462	29.127	29.216	29.15	29.21	29.479	29.48	29.38	29.7132	29.4658	29.849	29.86	29.25	29.67	29.9575	29.8803	29.7	29.793	29.761	29.752	30.28	30.15	30	29.8	29.9468	29.94	29.9454	29.8034	30.0595	30.1	30.35	29.9	30.35	30.1	30.1604	29.76	29.9	30.34	30.21	29.951	29.88	30.15	30.0304	29.9	30.1329	29.7073	29.6	29.7926	29.7446	30.3	30.25	30.25	30.5202	29.9552	30	30	29.86	30.2803	30.424	29.75	29.8474	29.58	29.97	29.7404	30.4999	29.7895	30.1	30.41	29.8	30.1664	29.894	30.0018	30.45	30.1508	30.3	30.5	30.017	30.15	30.2285	29.8201	30.44	29.9	29.98	30.02	30	30.4133	30.4436	30.429	30.4575	30.33	30.6	30.3	30.26	30.45	31	30.2464	30.7133	30.2891	29.595	30.03	30.315	30.1015	29.8047	30.3903	29.8705	29.2	29.29
zbra	104.41	106.3	105.92	106.73	104.34	108.14	107.75	105.9	105.23	106.57	108.03	106.09	104.14	104.78	103	104.4	104.3	106	105.83	105.15	105.08	105.25	104.19	101.49	102	100.23	100.52	99.69	99.86	98.66	99.86	100.03	100.67	100.52	100.18	102.1	100.72	100.52	100.62	100	98.8	100.33	100.22	100.06	102.8	102.76	101.72	101.15	97.75	95.97	96.2	97.25	106.65	103.84	102.5	103.49	103.19	106.1	106.44	103.07	102.92	102.2	103.29	102.93	102.48	102.77	102.82	101.59	101.98	103.09	104.18	100.74	100.85	100.75	99.76	103.14	103.45	104.2	105.48	105.82	108.04	108.16	106.86	107.68	108.91	106.69	106.16	106.82	109.04	108.58	109.88	110.8	111.4	111.02	110.76	109.91	110.27	111.3	110.09	109.79	110.16	110.88	112.76	112.13	111.38	111.46	111.78	110.8	111.48	111.61	110.47	115.99	113.77	112.7	114.33	115.79	109.31	106.61	104.43	104.42
zb_a	24.3239	24.44	24.25	24.2604	24.4	24.26	24.3837	24.3367	24.46	24.3	24.42	24.2792	24.37	24.38	24.25	24.25	24	24.1999	24.25	24.35	24.2565	24.1756	24.2872	24.25	24.3886	24.19	24.19	24.326	24.418	24.275	24.23	24.45	24.5	24.54	24.5501	24.4735	24.4537	24.5	24.87	24.84	24.3501	24.4374	24.4	24.7299	24.55	24.7162	24.95	24.9656	25	24.9875	25.0932	25	25.05	24.9681	25.007	24.94	25.071	25.01	25.0499	24.8	24.68	24.9501	24.85	24.7404	24.9	24.7501	24.76	24.74	25.04	25.12	25.62	25.45	25.08	25.3	25.3753	25.0876	24.8349	25	24.92	24.81	25.05	24.89	24.9316	25	25.2299	25	25.73	25.11	25.08	25.1473	25.045	25.1	25.02	25	24.89	25.28	24.93	24.9175	24.9	24.9	25.03	24.8196	25.036	24.8967	25.06	25.005	25.03	25.2499	25.06	25.051	25.0157	24.9368	25	25.12	24.9	25.01	25.02	25.098	24.78	24.8295
zb_g	28.8	28.79	28.72	28.49	28.46	28.55	28.6153	28.63	28.581	28.55	28.49	28.5	28.45	28.38	28.39	28.4	28.39	28.38	28.43	28.38	28.35	28.28	28.21	28.2975	28.207	27.97	28	28.145	28.214	28.1	28.03	27.71	27.71	27.73	27.68	27.66	27.66	27.68	27.75	27.76	27.75	27.98	27.87	28.08	28	28.01	28.12	28.07	28.1	27.95	27.954	27.96	27.85	27.85	27.65	27.76	27.9	27.97	27.96	27.9594	27.99	28.06	28.12	28.18	28.0856	28.11	28.0688	28.015	27.6107	27.46	27.53	27.4975	27.57	27.4583	27.43	27.528	27.5	27.5856	27.56	27.6395	27.63	27.6067	27.58	27.6215	27.58	27.6	27.71	27.64	27.69	27.72	27.7004	27.6528	27.66	27.7037	27.68	27.65	27.605	27.65	27.65	27.7099	27.75	27.73	27.78	27.8208	27.82	27.7446	27.79	27.695	27.74	27.6	27.49	27.53	27.6015	27.67	27.56	27.7	27.63	27.6004	27.48	27.48
zb_h	25.45	25.55	25.5914	25.63	25.23	25.217	25.19	25.33	25.3056	25.35	25.38	25.362	25.37	25.341	25.346	25.3899	25.3899	25.422	25.45	25.5055	25.4846	25.4151	25.33	25.58	25.63	25.51	25.6003	25.73	25.7299	25.419	25.52	25.66	25.7499	25.655	25.8	25.8	25.773	25.72	25.66	25.7377	25.67	25.6899	25.8293	25.69	25.74	25.6977	25.7324	25.93	25.9	25.907	25.9041	25.93	25.93	25.91	25.601	25.65	25.7	25.77	25.65	25.62	25.42	25.63	25.69	25.65	25.74	25.74	25.785	25.86	25.7	25.7	25.58	25.6836	25.69	25.71	25.75	25.8852	25.98	25.89	25.9599	26	25.91	25.81	25.764	25.75	25.85	25.86	25.8396	25.7686	25.69	25.77	25.77	25.7567	25.75	25.7999	25.5	25.46	25.5	25.56	25.69	25.6471	25.74	25.65	25.48	25.65	25.5975	25.78	25.75	25.799	25.8452	25.85	25.76	25.86	25.86	25.7013	25.66	25.7889	25.7001	25.73	25.72	25.6
zdge	3.04	3	2.97	2.98	2.99	2.77	2.95	2.8	2.78	2.75	2.83	2.75	2.62	2.71	2.43	2.41	2.22	2.28	2.23	2.21	2.194	2.14	2.21	2.2	2.23	2.28	2.21	2.17	2.09	2.13	2.15	2.13	2.1	2.25	2.1101	2.12	2.13	2.2	2.19	2.18	2.1999	2.09	2.09	2.11	2.055	2.04	2.07	2.03	1.94	1.88	1.86	1.85	1.74	1.71	1.86	1.74	2.2	2	1.9	1.84	1.91	1.7915	1.75	1.76	1.7201	1.83	1.83	1.7399	1.7	1.8	1.87	1.71	1.77	1.86	1.76	1.8	1.85	1.86	1.9099	2.25	1.91	1.85	1.81	1.9	1.91	1.92	1.94	1.9	1.99	1.92	1.96	2.03	2.1	1.98	2.11	2	1.97	2.01	1.95	1.99	1.98	2	1.97	2.16	2.09	2.08	2.1001	2.17	2.25	2.45	2.68	2.92	2.92	2.94	2.885	2.8001	2.74	2.35	2.58	2.76
zen	25.84	25.7	26.74	26.38	25.98	27.05	27.45	27.55	27.36	27.46	27.35	26.12	26.12	26.64	26.76	26.76	27.14	27.81	27.87	28.05	28.41	29.59	28.66	27.81	27.89	27.64	27.78	27.23	27.45	27.37	28.03	27.88	27.95	27.92	27.79	28.46	28.07	28.37	29.15	29.2	29.16	30.12	30.07	30.78	30.54	30.01	29.32	28.98	28	28.2	29.19	27.96	25.94	25.91	25.48	26.29	27.07	27.13	27.25	26.7	26.62	26.82	27.11	26.96	27.54	27.14	27.26	27.29	27.35	27.4	27.48	27.82	27.42	28.12	28.1	29.4	29.22	29.31	29.05	28.66	29.11	28.95	28.63	28.23	28.06	27.33	27.29	28.1	28.49	29.11	29.46	29.88	30.16	30.45	31.11	29.53	29.42	29.3	30.11	29.91	29.8	29.86	30.31	30.36	31.3	30.12	30.29	30.14	30.18	30.29	30.27	31	30.61	34.35	33.97	34.55	34.24	35.65	35.32	35.27
zeus	17.409	17.179	16.751	16.691	16.451	17.25	17.111	17.56	17.72	17.18	18.529	18.609	18.879	18.879	17.48	17.16	16.771	17.28	17.47	17.42	17.8	18.629	18.129	18.129	19.268	19.698	19.458	19.438	18.978	18.769	18.599	18.379	18.809	18.299	18.909	19.028	19.518	18.759	18.399	18.119	17.54	17.76	18.049	17.61	17.65	17.131	17.071	17.25	17.51	17.67	17.86	18.079	18.059	18.079	17.85	17.111	17.121	16.891	17.75	16.941	17.041	16.711	17.24	17.29	17.151	17.141	17.32	17.6	18.09	18.25	18.26	17.79	18.03	19.29	18.29	18.25	18.49	18.63	18.39	19.02	19.7	20.29	20.75	19.45	19.65	19.78	19.63	20.315	21.78	22.01	22.45	21.785	21.44	21.42	21.04	20.74	20.6	20.8	20.56	20.95	20.59	20.14	19.93	19.77	19.76	19.49	20.02	19.58	19.31	19.57	19.49	18.88	19.35	19.61	19.47	18.86	18.45	19.91	19.41	19.4
zf	11.33	11.425	11.443	11.406	11.406	11.501	11.595	11.557	11.547	11.623	11.604	11.623	11.557	11.538	11.557	11.567	11.575	11.717	11.613	11.538	11.538	11.519	11.501	11.481	11.538	11.481	11.557	11.661	11.604	11.529	11.613	11.651	11.593	11.651	11.632	11.69	11.71	11.729	11.836	11.817	11.914	11.982	11.914	11.982	12.05	12.128	12.196	12.245	12.264	12.322	12.361	12.41	12.352	12.235	11.894	11.953	12.05	12.108	12.157	11.963	12.06	12.069	12.196	12.283	12.303	12.39	12.342	12.332	12.4	12.449	12.488	12.41	12.478	12.517	12.478	12.507	12.619	12.527	12.546	12.517	12.585	12.663	12.702	12.643	12.604	12.575	12.565	12.546	12.614	12.682	12.624	12.663	12.672	12.711	12.741	12.741	12.76	12.8	12.76	12.82	12.74	12.79	12.67	12.71	12.76	12.71	12.71	12.57	12.53	12.6209	12.63	12.67	12.67	12.65	12.64	12.67	12.71	12.76	12.63	12.56
zfgn	3.97	3.85	3.78	3.66	3.39	3.69	3.72	3.6	3.74	3.66	3.73	3.77	3.56	3.69	3.79	3.69	3.64	3.68	3.57	3.95	3.8	3.71	3.62	3.54	3.66	3.54	3.51	3.57	3.66	3.52	3.57	3.37	3.34	3.34	3.76	3.69	3.68	3.55	3.57	3.53	3.5	3.54	3.53	3.47	3.39	3.37	3.38	3.4	3.37	3.37	3.395	3.49	3.41	3.4	3.33	3.4	3.38	3.41	3.48	3.47	3.48	3.54	3.51	3.45	3.53	3.5	3.56	3.54	3.55	3.61	3.58	3.43	3.45	3.54	3.52	3.4	3.4	3.46	3.44	3.37	3.46	3.39	3.35	3.32	3.36	3.36	3.36	3.34	3.41	3.52	3.58	3.5	3.4901	3.35	3.43	3.4	3.51	3.57	4.03	4.14	3.94	3.61	3.74	3.7	3.69	3.53	3.52	3.54	3.45	3.5	3.49	3.56	3.65	3.52	3.64	3.58	3.65	3.71	3.69	3.69
zg	43.76	43.63	43.65	43.9	43.89	44.99	45.39	45.07	45.49	45.82	45.8	44.77	44.74	45.21	45.65	45.44	45.58	46.77	47.3	48.3	49.07	50.69	50.08	48.04	48.57	47.7	48.84	48.63	48.5	47.01	46.55	46.43	46.39	44.62	45.12	46.41	46.88	46.39	45.53	44.75	44.63	44.95	45.73	45.59	45.06	45.33	45.43	45.67	45.75	45.67	45.64	47.43	47.74	43.39	40.25	40.71	41.31	40.79	40.62	39.22	38.88	38.81	38.41	38.61	38.81	38.3	38.56	39.7	39.78	39.92	39.95	39.37	39.08	39.21	38.14	39.3	40.62	38.91	39.87	40.15	40.58	39.86	40.15	39.86	38.93	38.91	38.75	38.92	39.42	40.15	40.56	40.83	41.65	41.47	41.89	41.95	41.6	41.25	41.43	41.44	41.1	41.51	40.92	40.92	41.1	40.75	40.99	40.35	41.2	41.02	40.77	41.31	40.53	39.67	40.62	40.98	40.22	41.15	40.43	39.74
zgnx	12.85	12.9	12.65	12.45	12.7	12.7	13.55	13.625	14.55	14.5	14.55	14.6	14.55	14.25	14.6	14.4	14.6	14.7	14.75	15	15	15	14.75	14.3	14.55	14.65	14.45	14.55	14.6	14.3	14.75	14.725	14.65	14.95	14.6	14.3	14.1	13.75	13.6	13.6	13.4	13.4	13	12.85	12.3	12.45	12	12	12.45	12.6	12.9	13	12.35	10.65	10.15	10.25	11.25	11.45	11.6	12.05	12.25	12.3	12.45	12.15	12.3	12.1	12.3	12.05	11.75	11.8	12.2	13	14.65	15.45	16.25	15.5	15.6	15.15	14.3	14.5	14.25	14.55	13.6	13.05	14.4	13.55	13.15	14.05	12.875	35.05	38.9	38.85	39.2	38.55	38.3	39.05	41.3	40.2	39.85	38.25	38.55	38.1	39	39.65	39.75	38.1	37.85	38.05	38.65	38.55	38.1	37.5	38.65	41.65	41.1	41.35	41.65	37.5	38.55	39.8
zion	40.591	40.771	40.342	39.764	39.963	40.442	39.993	40.352	40.153	40.352	41.28	42.227	42.815	43.015	43.115	42.756	42.975	43.244	42.845	42.217	42.187	41.818	42.237	42.427	42.855	43.873	43.793	44.611	44.621	44.002	44.321	44.541	45.079	44.671	44.88	44.601	44.222	43.962	43.863	43.713	43.424	44.202	44.531	45.548	45.02	45.139	45.199	45.259	45.598	45.369	45.997	45.638	45.688	45.169	44.321	43.992	44.87	45.13	45.12	43.85	43.92	43.54	43.99	43.93	44.38	44.7	44.28	43.71	43.82	43.65	44.32	42.76	42.61	41.33	41.63	42.73	43.33	43.05	42.66	43.28	43.96	44.41	45.11	45.36	45.12	45.45	45.85	46.59	46.94	47.18	47.28	46.93	46.69	47.66	47.875	47.34	47.71	47.28	46.72	46.6	46.79	45.99	46.17	46.05	46.76	46.39	46.35	45.99	46.93	47.11	46.8	46.46	46.22	46.85	46.81	46.45	44.88	44.55	43.97	43.93
zionw	10.31	10	10.39	10.28	10.3997	10.8	10.7758	10.09	9.9	10.09	10.31	9.12	9.6	9.8586	9.99	10.72	10.1	10.57	10.13	9.88	10.07	10.18	9.95	10.14	10.1	10.1177	10.8245	11.32	11.85	11.93	12.1	11.72	12.12	12	11.4	11.36	11.1246	11.52	11.487	12	12.82	12.87	13.16	13.24	13.07	12.98	13.08	13.5426	13.14	13.3	13.12	12.9	12.82	12.588	12.48	12.2	12.77	13.3	13.91	13.14	13.5401	13.55	13.6	13.8	14.3	13.9	14	13.563	13.07	12.75	13.38	13.4	13.52	12.51	12.691	11.98	12.6	12.34	12.4	12.31	11.52	11.55	10.5	10.71	11.53	12	11.81	11.59	11.99	12.38	12.874	13.22	13.55	13.87	14.1	14.65	14.87	15.1803	15.25	14.81	14.74	15.5005	15.65	15.3168	15.6	15.54	15.04	14.94	14.5	14.25	14.7735	14.7	15	15.1	15.15	14.65	14.78	13.3458	12.89	12.45
zionz	5.55	5.12	5.2	6.49	7	7.216	7.83	7.87	8.385	8.93	8.7	8.8386	8.35	8.7099	8.9597	8.95	8.3452	9.29	9	8.9	9.24	9.704	9.3	9.25	8.65	8.9681	9.5	8.99	9.24	9.24	9.25	9.25	9.3	8.2	8.31	8.49	8.75	8.5	9.0669	8.6	8.915	8.6	8.89	9.65	10	10.3795	10.3502	9.9009	10.1	10.01	10.1828	11.5	10.8	10.65	10.3497	10.5917	9.97	11.14	7.8	8.4561	7.2	8.6359	9.08	8.211	7.55	7.0605	7	7.03	7.22	7.21	6.91	7.08	6.85	6.9	7.09	6.98	7	7	7.25	6.4401	8	7.8518	8.26	9.49	10.1	10.1	9.67	9.97	9.76	9.23	10.56	10	10	11	11	10.25	10.15	9.96	8.7	9.8992	10.67	11.2	11.4	11.61	11.34	11.6599	11.95	12	11.75	12	10.55	11	11	11	12.86	11.07	11.3	11.15	10.06	9.01
ziop	6.92	6.57	6.29	6.18	5.85	6.11	6.03	5.83	5.82	5.84	5.75	5.59	5.47	5.54	5.59	5.44	5.37	5.43	5.78	5.89	6.07	6.23	6.3	6.14	6.4	6.35	6.22	6.15	6.31	6.15	6.16	5.9	5.86	5.84	5.96	5.89	5.86	5.83	5.93	6.1	6.1	5.87	5.97	5.96	5.65	5.75	5.53	5.67	5.64	5.64	5.82	5.96	5.71	5.72	5.45	5.51	5.51	5.51	5.34	5.15	4.995	5.04	5.44	5.4	5.72	5.71	6.13	6.46	6.19	6.39	6.57	6.45	6.31	6.24	6.17	6.06	6.07	6.24	5.99	6.21	6.29	6.18	6.12	6.06	6.17	6.25	6.13	6.33	6.19	6.14	6.33	6.35	6.54	6.53	6.275	6.02	5.91	5.72	5.7	5.55	5.63	5.71	5.75	5.63	5.4	5.11	4.98	4.88	4.48	4.77	4.83	4.66	4.49	4.42	4.68	4.67	4.66	4.72	4.55	4.3
zixi	5.9	5.91	5.91	5.83	5.77	5.92	6.08	5.96	5.86	5.94	6.35	6.26	6.61	5.89	5.92	5.88	5.76	5.96	5.91	5.83	5.83	5.77	5.92	5.78	5.82	5.73	5.68	5.595	5.57	5.52	5.67	5.73	5.74	5.78	5.7	5.74	5.75	5.73	5.9	5.87	5.77	5.74	5.75	5.73	5.51	5.45	5.33	5.45	5.46	5.26	5.31	5.33	5.19	5.15	4.94	4.94	5.21	5.2	5.25	5.16	5.24	5.19	5.2	5.15	5.23	5.15	5.11	5.08	5.28	5.31	5.22	5.11	5.13	5.06	5.01	5.11	5.05	4.98	4.95	4.55	4.92	4.82	4.8	4.8	4.7	4.78	4.79	4.96	4.97	4.89	5.19	5.02	5.09	5.1	5.2	5.31	5.38	5.32	5.39	5.29	5.14	5.09	5.13	5.11	5.16	5.03	5.06	4.69	4.62	4.65	4.73	4.85	4.7	4.79	4.73	4.78	4.68	4.68	4.69	4.65
zn	1.52	1.52	1.52	1.42	1.3999	1.41	1.4	1.52	1.79	1.75	1.7	1.77	1.83	1.86	1.96	1.94	2.08	2.75	2.2	2.45	2.62	2.58	2.7693	3.14	3.53	3.27	3.43	3.54	3.87	4.23	5.88	4.66	4.05	4.25	4.1	3.99	4.11	4.2199	4.75	5.21	5.01	4.77	4.44	4.14	3.43	4.22	4.01	3.93	3.73	3.56	3.52	3.77	3.54	3.59	3.59	3.47	3.27	2.99	2.84	2.89	2.68	2.88	3.4	3.58	3.1	3.29	3.21	3.28	3.62	3.34	3.47	3.31	3.37	3.32	3.23	3.27	3.28	3.33	3.5	3.49	3.48	3.51	3.3	3.35	3.38	3.29	3.32	3.39	3.44	3.41	3.39	3.31	3.32	3.28	2.8	2.92	2.83	2.8	2.91	3.22	3.22	2.98	2.99	2.84	2.87	2.68	2.56	2.5	2.53	2.61	2.55	2.57	2.55	2.39	2.26	2.1489	2.09	2.11	2.13	2.09
znga	3.58	3.49	3.49	3.6	3.52	3.57	3.63	3.61	3.61	3.59	3.58	3.71	3.58	3.51	3.53	3.65	3.69	3.68	3.62	3.64	3.62	3.79	3.78	3.71	3.71	3.61	3.64	3.62	3.59	3.5	3.6	3.62	3.6	3.64	3.56	3.65	3.59	3.65	3.695	3.765	3.78	3.75	3.74	3.72	3.66	3.64	3.61	3.62	3.58	3.69	3.57	3.595	3.71	3.76	3.62	3.63	3.58	3.62	3.62	3.57	3.62	3.6	3.65	3.62	3.67	3.62	3.64	3.62	3.74	3.75	3.74	3.66	3.61	3.69	3.68	3.74	3.79	3.84	3.76	3.82	3.83	3.88	3.91	3.87	3.85	3.81	3.7	3.73	3.73	3.78	3.84	3.84	3.82	3.82	3.79	3.72	3.71	3.7	3.74	3.83	3.84	3.84	3.88	3.92	3.94	3.87	3.79	3.76	3.73	3.77	3.82	3.9	3.84	3.88	3.92	3.86	3.6999	3.83	3.9	3.89
znh	34.678	35.505	36.598	37.918	37.76	39.69	38.991	38.705	39.907	39.444	39.877	40.202	40.3	39.591	40.261	39.631	40.448	40.783	40.281	40.96	40.635	40.714	41.551	40.95	40.852	40.9	41.4	41.07	40.81	39.82	40.57	39.96	39.74	40	39.58	39.71	40.26	40.72	41.81	40.8	40.48	39.48	38.38	39.03	39.18	38.82	38.13	38.38	37.8	37.93	38.11	38.04	38.95	38.35	37.54	37.13	37.38	37.08	37.65	37.35	37.07	38.16	37.63	37.42	37.25	37.58	37.8	37.99	39.4	38.6	38.84	38.06	38.28	38.17	39.48	41	40.28	39.25	38.99	38.85	39.34	39.5	37.92	37.44	36.61	35.24	35.5	35.54	34.38	34.37	34.67	35.19	34.9	35.03	35.41	35.24	34.9	35.28	34.95	35.89	35.91	35.01	34.93	34.67	34.92	34.76	34.66	35.1	35.61	36.85	37.52	36.98	38.87	39.47	38.64	38.33	38.18	37.22	37.05	37.95
zoes	16.38	16.2	14.18	13.21	13.91	14.69	14.52	14.56	14.53	14.48	14.53	14.67	14.53	14.46	14.47	13.6	13.46	13.67	12.76	11.93	12.43	12.55	12.68	12.41	12.31	12.2	11.91	12.13	11.75	11.19	11.59	11.36	11.45	11.51	11.71	11.66	11.81	11.82	11.63	11.59	11.31	11.12	11.73	11.71	11.4	11.07	11.31	11.35	11.05	10.8	11.07	11.24	11.56	11.48	11.7	11.46	11.65	11.25	12.26	13.28	12.55	12.77	13.22	13.12	13.18	13.34	13.02	13.14	12.98	12.87	13	12.94	12.82	12.81	12.73	12.85	12.85	13.3	12.86	13.19	12.99	12.99	12.96	12.95	12.49	12.72	12.55	12.39	12.44	12.63	12.49	12.62	12.34	12.39	13	12.85	12.84	12.16	11.87	11.73	11.89	12.07	12.17	12.51	12.26	12.33	12.37	12.3	12.54	12.46	12.36	12.28	12.25	12.24	12.24	12.35	12	11.71	11.01	12.5
zsan	1.37	1.325	1.49	1.47	1.47	1.49	1.5	1.5306	1.51	1.67	1.56	1.5	1.36	1.35	1.33	1.26	1.34	1.31	1.27	1.375	1.4	1.45	1.48	1.36	1.41	1.4	1.41	1.38	1.37	1.38	1.39	1.39	1.34	1.31	1.33	1.31	1.32	1.34	1.33	1.34	1.32	1.37	1.29	1.3	1.28	1.27	1.27	1.24	1.21	1.14	1.04	1.07	1.04	0.99	0.94	0.85	0.898	0.794	0.8492	0.84	0.8185	0.7949	0.7981	0.7878	0.8373	0.8601	0.87	0.8451	0.84	0.84	0.9278	0.888	0.876	0.9026	0.88	0.89	0.9156	1.01	0.9421	0.99	0.965	0.9297	0.97	0.956	0.9794	0.8398	0.79	0.8454	0.83	0.823	0.87	0.843	0.8308	0.85	0.848	0.84	0.96	1.07	1.13	1.04	0.9398	0.92	0.8821	0.8447	0.8489	0.7651	0.7801	0.736	0.7201	0.71	0.6902	0.6796	0.7648	0.74	0.71	0.6979	0.7	0.675	0.7	0.6901
zto	14.5	14.26	14.33	14.14	14.29	14.69	14.59	14.65	14.6	14.76	14.47	14.53	14.65	14.89	14.79	14.21	14.32	14.3	14.16	14	14.26	14.34	14.44	13.93	14.01	14.03	13.96	14.16	14.67	14.69	14.45	14.78	15.01	15.3	15.64	15.94	15.05	15.26	15.56	15.68	15.04	15.24	15.11	15.25	14.95	14.71	14.98	14.6	14.25	14.42	14.59	15.03	14.92	14.32	14.07	13.25	13.67	13.62	13.45	13.36	13.73	13.9	14.01	13.14	13.57	13.49	13.29	13.43	13.61	13.65	13.8	13.54	13.9	13.91	13.9	14.29	14.29	14.21	14.93	15.07	14.89	15.17	14.99	14.96	14.84	14.64	14.24	14.29	14.01	14.04	14.29	13.81	13.48	13.84	13.61	13.58	14.34	15.08	15.56	15.63	15.29	14.96	15.41	15.33	15.6	15.38	15.57	15.63	15.54	15.73	15.93	15.99	16.92	16.71	16.58	17.19	17.11	17.39	17.47	17.61
ztr	11.901	11.921	11.893	11.931	11.901	11.949	12.073	12.045	12.006	12.055	11.999	11.989	11.903	11.97	11.951	11.951	11.961	12.048	12.028	12.066	12.095	12.104	12.085	12.124	12.173	12.134	12.104	12.153	12.2	12.173	12.2	12.364	12.393	12.441	12.431	12.421	12.431	12.5	12.48	12.567	12.742	12.742	12.673	12.693	12.722	12.616	12.693	12.707	12.751	12.838	12.838	12.954	12.944	12.925	12.515	12.686	12.71	12.749	12.593	12.515	12.525	12.544	12.661	12.583	12.651	12.681	12.671	12.73	12.817	12.827	12.827	12.827	12.867	12.817	12.739	12.749	12.739	12.68	12.64	12.699	12.788	12.837	12.876	12.847	12.857	12.886	12.857	12.857	12.906	12.985	12.985	12.985	12.985	13.053	13.009	13.034	13.113	13.073	13.103	13.043	13.113	13.162	13.182	13.192	13.251	13.113	13.063	13.003	13.023	13.093	13.162	13.232	13.321	13.331	13.321	13.489	13.539	13.46	13.42	13.38
zts	62.103	62.383	62.413	62.063	62.083	62.443	62.303	62.473	62.781	63.061	62.383	62.393	61.655	61.869	62.139	62.299	62.459	62.938	62.908	62.908	63.417	62.688	62.628	62.668	62.858	62.409	62.289	62.578	62.459	61.7	62.499	62.379	62.119	62.469	62.958	63.257	62.978	62.369	62.329	62.658	63.068	63.198	61.19	61.969	61.919	62.119	62.429	62.179	61.45	62.189	62.029	61.74	59.912	60.721	59.653	59.643	60.651	60.941	61.41	60.811	60.661	61.26	61.51	61.27	61.3	61.24	61.45	61.41	61.85	62.608	62.778	63.078	63.297	64.755	64.605	65.185	65.304	65.185	65.155	65.105	65.105	64.685	64.386	64.146	64.066	63.577	63.237	63.118	63.227	63.667	63.657	63.497	63.477	63.657	63.657	63.637	63.897	64.186	64.815	65.344	65.614	65.714	65.464	65.484	65.844	65.185	64.885	64.286	63.647	63.956	63.148	63.727	64.416	67.212	68.59	69.608	68.35	69.51	69.3	69.13
zumz	14.8	14.55	14.7	14.4	14.25	14.45	12.725	13.3	12.75	12.8	12.65	13.35	13.4	13.15	13.2	13.1	12.55	12.4	12.2	11.8	11.9	12	12.05	11.9	12.1	12.15	12.35	12.65	12.25	12.35	12.45	12.2	12.25	12.15	12.6	12.45	12.45	12.45	13.15	12.85	12.65	12.1	12.3	12.45	12.8	12.4	12.7	13	13.4	12.8	12.85	12.75	12.85	12.55	12.15	12.3	12.1	11.75	12.3	12	11.9	11.45	11.65	12.2	13	13.45	12.95	13	12.75	12.45	12.75	12.55	13.15	13.2	16.3	15.8	16.1	16.6	16.35	16.95	16.8	16.75	16.65	16.45	16.45	16.95	16.7	17.625	17.6	18.1	18.55	19.2	18.9	18.8	18.35	17.95	18.75	18.25	17.45	17.15	16.95	17	17.4	17.5	17.65	17.65	17.9	18.05	18.5	17.95	17.4	17.65	17.35	17.7	17.85	17.7	17.5	17.1	18.15	18.9
zx	1.726	1.72	1.79	1.86	1.81	1.79	1.77	1.82	1.9	1.89	1.92	1.93	1.91	1.9499	1.92	1.94	1.82	1.82	1.74	1.76	1.77	1.77	1.64	1.55	1.7	1.57	1.78	1.66	1.64	1.67	1.69	1.74	1.78	1.8299	1.84	1.79	1.76	1.76	1.77	1.76	1.73	1.76	1.79	1.8011	1.81	1.77	1.7	1.7	1.72	1.7	1.74	1.72	1.8	1.79	1.7	1.7	1.7	1.7049	1.7	1.7	1.71	1.7	1.7	1.71	1.72	1.5	1.42	1.32	1.46	1.36	1.34	1.3075	1.45	1.4	1.3691	1.4	1.401	1.4262	1.31	1.34	1.4689	1.41	1.4	1.38	1.38	1.3899	1.3601	1.3401	1.3763	1.37	1.3001	1.3101	1.2901	1.3026	1.29	1.29	1.28	1.28	1.3	1.2901	1.2792	1.28	1.2664	1.23	1.2301	1.23	1.24	1.24	1.196	1.1907	1.2004	1.2099	1.1599	1.1001	1.13	1.07	1.06	1.1	1.1501	1.239
zyme	13.11	13.0701	12.59	12.17	11.73	10.99	10.48	10.43	9.97	9.85	9.62	9.38	9.53	8.88	8.69	8.3	9.51	9.3	9.81	9.54	9.41	8.75	9.21	8.95	8.77	8.39	8.35	8.28	8.48	8.32	8.39	8.47	8.39	8.2	8.21	8.1282	8.22	8.08	8.09	7.97	7.93	7.4719	7.29	7.11	7.76	7.24	7.33	7.08	7.04	7.1201	6.81	6.48	6.71	7.235	7.01	7.09	7.63	7.4	7.64	6.92	7.39	7.1	7.22	7.1	6.91	7.29	7.78	8.38	8.73	8.64	8.21	8.15	8.27	7.7	8.32	8.56	8.23	8.1	7.72	7.65	7.93	8.25	7.93	8.05	7.99	7.9501	7.97	7.93	7.95	7.98	8.25	8.44	8.72	9.185	8.8	8.87	8.8	8.7799	8.98	8.9022	8.97	9	9.01	9	9	8.5	9	8.34	8.33	8.31	8.39	8.4	8.06	8.06	8	7.6708	7.3	7.1	7	6.87
zyne	18.11	18.91	18.98	18.52	18.63	19.35	19.19	18.61	18.53	18.77	18.38	18.2	16.61	17.89	17.47	16.86	17.02	17.96	18.38	18.33	18.03	18.77	19.12	18.93	18.52	18.02	16.97	16.9	17.31	17.13	17.67	17.89	18.27	19.06	18.94	19.43	18.75	19.05	19.19	18.81	18.73	18.59	17.26	17.04	16.26	15.82	14.1	15.06	13.96	13.75	15.06	6.67	6.27	7.6	7.26	7.03	6.42	6.24	6.36	6.32	6.25	6.23	5.94	5.73	6.16	6.06	6.2	6.27	6.27	6.35	6.35	6.28	6.37	6.42	6.33	6.2	6.35	6.21	6.28	6.23	6.42	6.3	6.38	6.34	6.23	5.93	5.84	6.19	9.44	8.36	8.69	9.78	10.02	10.1	9.66	9.38	9.95	10.37	10.06	9.6	9.47	9.32	9.39	9.66	9.73	9.9	10.05	10	9.5	9.8	9.76	9.8	9.69	9.85	10.33	11.19	10.83	10.9	11.6	12.46
